id,first_name,last_name,email,gender,ip_address
,,,hsunshine0@symantec.com,Male,158.109.16.109
2,,,,Female,49.168.16.60
3,,Murt,amurt2@bizjournals.com,Female,17.224.61.5
4,Donaugh,Mingus,dmingus3@altervista.org,,
,Ardyce,Sasser,,Female,
,,Leechman,eleechman5@dell.com,Male,
,,,gleleu6@berkeley.edu,,
8,,,,Female,
,,Trayford,,,120.76.81.252
,,Valente,avalente9@cam.ac.uk,,
11,,,,Male,
12,Idelle,,ilabordeb@si.edu,Female,83.234.213.169
,,,,,246.167.110.45
,,,janyened@xrea.com,Female,
,,Gendrich,ngendriche@sfgate.com,Male,
,Tana,,tmckinlessf@illinois.edu,,211.16.188.207
,Lidia,Hinks,,,77.35.230.206
18,Norry,,,,171.68.235.34
19,,Ison,aisoni@alibaba.com,Male,
,,Carse,,,
,Mylo,Dalliwatr,mdalliwatrk@google.ca,Male,201.13.61.118
22,Marcelline,Saffer,msafferl@japanpost.jp,Female,
,,Trundler,,,
24,,Werrett,,Male,205.194.220.119
,,Helsdon,,Female,183.33.41.209
,Esther,,,Female,
27,,,,,157.232.47.157
,Josepha,Windham,,,11.19.138.246
,,Comoletti,,Genderfluid,
,Greta,Tweedell,,,164.28.227.74
31,,Guerola,,Female,
32,Winfred,Thomason,wthomasonv@yahoo.com,Male,160.144.255.121
33,,,,Male,
,,Whitcher,,Male,61.76.139.54
,Allistir,,,,
,,,,Female,
37,,Tivenan,ptivenan10@chicagotribune.com,Male,
38,,Haswall,,Female,166.225.30.128
39,,,gmarron12@yolasite.com,,151.158.176.127
40,Brig,,,Male,71.128.251.118
,Fulton,Vaux,fvaux14@illinois.edu,,23.60.239.137
42,Carey,,,Female,209.60.28.14
43,,,nmcgeechan16@latimes.com,,252.66.243.75
,Godfree,Gennerich,,,
,,,phaglington18@yolasite.com,,
46,,Harrod,aharrod19@theatlantic.com,Female,157.154.162.89
,,Van't Hoff,hvanthoff1a@etsy.com,,169.205.56.53
,Margeaux,,,Polygender,31.142.187.243
,Grannie,,,Male,
50,Merwin,Skipsea,,,
,Colby,,,Male,
52,,,,,
,,Fidilis,,,102.250.214.57
,,,,,122.9.193.193
,Gennie,,,,
56,,,cgladbach1j@cdc.gov,,5.241.24.247
57,,Purseglove,,Female,198.192.205.131
58,,,,Female,31.102.177.211
59,Brose,Easterfield,,Male,200.254.83.16
60,Shawn,Vasilkov,svasilkov1n@hp.com,,
61,,McAuliffe,,Female,
62,,Wingar,,,
63,Alexi,Roskeilly,,Female,
,Irvine,,,Male,127.110.230.112
65,Katleen,Courtney,kcourtney1s@ed.gov,,180.134.226.152
,,,,Female,
,,McKnockiter,,,
,Reynard,Wapples,,Male,14.3.198.92
69,Opalina,,ojannasch1w@mit.edu,,
,Mimi,,,,
71,Boycey,Rosewarne,,,48.233.164.9
72,Gilly,Ferrarone,gferrarone1z@yellowpages.com,Female,34.27.241.171
,Emmott,Bateup,,Male,178.237.56.78
74,,Vernau,,,
,,Cuncarr,acuncarr22@posterous.com,Male,
,,Blown,,,243.81.82.66
,,,,Female,142.111.126.175
78,,,lhillin25@senate.gov,,
79,,,zbinge26@disqus.com,,176.78.205.15
80,Devina,,,,
,,,vmoggach28@infoseek.co.jp,Female,
,,Ivins,,,2.240.86.224
83,,,rmacvey2a@a8.net,,
84,Coleen,Baston,,Female,
,,,,Genderqueer,78.243.100.136
86,,Boustred,tboustred2d@addtoany.com,Female,61.186.93.4
,Artur,Gilluley,,,
,Antoine,Ghilks,aghilks2f@wp.com,Male,185.162.56.11
89,,,garlidge2g@so-net.ne.jp,Male,
,Elaine,Sealand,,Female,
,Ysabel,Lapthorn,ylapthorn2i@photobucket.com,,
,Reinhard,,rnorman2j@youtu.be,Male,
,,Guillain,,Male,
,Warde,Vasilov,,,
,Matelda,Mangam,,,224.245.110.177
96,Veronika,Shreenan,vshreenan2n@umich.edu,Female,
,,Dignam,,Female,209.55.84.218
98,,Larvin,,,52.193.55.245
,,,sbyrch2q@theatlantic.com,,142.222.246.160
,Konstance,Kimbrough,kkimbrough2r@netscape.com,Female,
,,,,Male,132.177.36.114
,,Chrystal,tchrystal2t@chronoengine.com,Female,101.79.33.228
103,Samara,,,Female,
104,Silvie,Lindenboim,,Female,
,,,obraunstein2w@liveinternet.ru,,
106,Gillian,,,Female,
107,,Bercevelo,lbercevelo2y@usda.gov,,43.44.155.139
,Lizzie,Elies,,Female,
,Gill,,,Male,
110,Thedrick,Mosco,,,98.167.125.81
,Perri,,pyakuntsov32@abc.net.au,,75.122.148.162
112,Garth,Pullen,,Male,209.71.64.77
,Glen,,,Female,180.204.125.236
,,Towns,,,125.129.168.144
115,Ariel,Wessel,,,
116,Davina,,dkevane37@wordpress.org,,
117,Melisse,,,Female,
,Hedwiga,Stollsteiner,hstollsteiner39@ehow.com,,
,Issie,Cantor,icantor3a@cpanel.net,Female,210.236.199.81
,,,,,
,Alanah,,acorcut3c@a8.net,Female,203.229.29.247
,Devlen,Kerby,dkerby3d@cbc.ca,Male,92.127.249.93
123,,Belderfield,,,
124,Emili,Vella,evella3f@tmall.com,,50.157.204.220
125,Belinda,,boday3g@goo.ne.jp,,
126,Juliann,Brennon,,,203.46.121.14
127,,Brahan,mbrahan3i@hatena.ne.jp,Male,203.200.49.220
128,Nyssa,,nredmond3j@about.me,Female,
129,Carmen,McAuliffe,,,242.42.145.149
130,,Aspy,oaspy3l@wired.com,Female,54.162.80.31
131,Vassily,Le feaver,vlefeaver3m@admin.ch,Male,
,,,fstollenhof3n@etsy.com,,
133,Sheffield,,,Male,
,,Arnley,narnley3p@squarespace.com,,173.24.62.122
,,,,,195.216.206.146
136,,,bmeggison3r@wikimedia.org,,104.188.102.141
,,Cessford,,Female,
138,,Wingeatt,,,
,,,qmousley3u@sakura.ne.jp,,48.179.222.9
140,,Powderham,,Genderfluid,235.119.172.147
141,Saleem,Lansly,,Genderqueer,147.5.60.27
142,Larisa,,,,48.46.114.152
,,Weson,mweson3y@paginegialle.it,,
,,,,Female,
,,Thames,,,
146,Kingston,Simoens,ksimoens41@dion.ne.jp,,10.248.112.107
,Troy,,,Male,0.189.212.240
148,,Spalton,,,
149,,,cnanson44@msn.com,,
,Erin,,,,
,,,mdeex46@scribd.com,Male,
,,,,Genderfluid,
153,Granny,,gchasles48@huffingtonpost.com,Male,
154,,Farfolomeev,,Female,
,Renaldo,Lorrimer,rlorrimer4a@economist.com,,
156,,,,Male,
,,,,Male,254.16.28.247
158,Lissi,Older,lolder4d@nyu.edu,Female,80.61.92.125
,Any,Mullin,,Genderfluid,
160,,,,,
161,Krystyna,Wheal,kwheal4g@biglobe.ne.jp,Agender,
162,Herschel,,,Male,
,Alena,,,Female,146.15.191.53
,,Brendish,,,13.23.116.171
,,Tutchell,,,140.73.225.193
166,Mirabel,,mghilks4l@ucsd.edu,,
167,Stanly,,smeth4m@godaddy.com,Male,
,Caz,,,Male,
,,Embling,,Male,5.16.143.9
,,Crowch,,Male,
171,Vachel,,vrait4q@taobao.com,,184.45.235.111
172,,,,,
173,Clerc,,,,
,,,,,
,Desirae,,,,
,Lorain,Hanner,,Female,
177,,,jsteane4w@hud.gov,,173.179.142.30
178,,Sanches,,Male,39.13.115.64
,,,,,
,Isidora,Keatch,,,
181,,,,Male,
,,,rphilipet51@google.com.br,,189.60.100.255
183,,,fthewles52@skyrock.com,,44.112.150.173
184,Phineas,,,,146.106.80.157
185,Delila,Conkey,dconkey54@nytimes.com,,
186,,Conew,mconew55@ft.com,,51.239.134.196
187,,,hfonso56@webmd.com,,9.65.58.243
188,Johnette,,jhollyar57@google.fr,Bigender,226.39.225.23
189,Waring,,,Male,
,Gannon,Readman,greadman59@mapy.cz,Male,127.50.118.128
191,,,jkaines5a@dion.ne.jp,,110.57.159.87
192,,Orhrt,,,159.224.58.104
193,,Handslip,fhandslip5c@intel.com,Female,152.29.130.195
194,Dunstan,,,,148.187.165.107
195,Odey,,oboldecke5e@jimdo.com,Genderqueer,161.82.109.18
196,Rikki,Boissieux,,,77.207.230.38
197,,,awathell5g@artisteer.com,Male,
198,Shay,,,,
,Brenden,Leven,bleven5i@squidoo.com,,119.125.49.71
200,Ellynn,Odegaard,,Female,251.219.250.16
201,Caitlin,,cmacgaffey5k@tmall.com,,
202,Modestia,McPaik,mmcpaik5l@smh.com.au,,
,Chico,,charman5m@xing.com,Male,248.223.43.176
204,Olenka,,,Female,194.73.177.88
205,Justen,,,,78.131.92.106
206,,Dilworth,,,122.238.125.218
,Rona,Gazey,,Female,
,Balduin,Gravenell,,Male,163.208.232.144
209,,,bfalco5s@wsj.com,Male,25.176.94.27
,,,,,68.79.23.230
211,Amalia,,,,43.117.207.195
,,,cjamary5v@flickr.com,,
,,,,Male,162.98.29.9
,Lelia,,,Female,
,Gwynne,,gtrudgian5y@va.gov,,
216,,,,,
217,,Brayn,,,
,Cameron,,ccobson61@myspace.com,Male,200.6.255.138
,,Guilaem,aguilaem62@gmpg.org,Male,
220,,,,,
221,Lea,,lreddie64@state.tx.us,Female,
,,,wruddiman65@disqus.com,,
,Melva,,mclowney66@ustream.tv,,15.238.146.129
224,,Hefforde,chefforde67@jimdo.com,Genderqueer,69.212.172.11
225,,,,,
,,,,,
,Klaus,Ulster,,,149.85.60.44
228,,,mlamas6b@csmonitor.com,,
,Bald,Brugh,bbrugh6c@mac.com,,
230,Maude,Donne,mdonne6d@chicagotribune.com,,233.137.7.97
231,,Menichillo,dmenichillo6e@hostgator.com,,207.121.7.163
,Titos,Delgua,tdelgua6f@elegantthemes.com,Male,106.79.215.224
,Marietta,,,Agender,140.78.237.90
,,Linscott,,Male,126.224.155.100
235,,Brewis,qbrewis6i@house.gov,,31.130.230.60
236,,Fogarty,,,33.111.77.243
,Chrysa,Vorley,,,13.68.221.59
238,,Gossage,,,
239,,Bonsall,lbonsall6m@youtube.com,,37.107.35.27
,,Olliffe,folliffe6n@icq.com,,91.141.206.125
241,Wylie,Goldfinch,,Male,
,,Woodyear,dwoodyear6p@census.gov,,
,Tamra,Melloi,,Female,
,Gardiner,Verni,,,18.21.160.213
,,,,,175.89.98.187
,Melisandra,Itzhaki,,,
,Claudina,,,,
248,Lucas,Divine,,,
249,Loretta,Marages,lmarages6w@1und1.de,Female,
,,,,,117.86.176.241
251,Anett,Tearny,,,150.181.46.200
252,Leia,Hackley,,,
253,,Tilberry,gtilberry70@ft.com,Female,
254,Legra,Warden,,Female,
,Robina,,,Female,
,,Farans,bfarans73@about.com,Male,78.161.84.235
,,Palfree,apalfree74@ft.com,Male,
258,,,,,
259,,Drage,,,113.252.100.171
,,,,,
261,,Bolliver,,Bigender,
262,Keene,,,Male,106.72.89.15
263,,Gantlett,,Female,224.179.202.133
264,Boyce,,bkuhwald7b@google.it,,162.100.59.69
265,,Cowpe,fcowpe7c@gnu.org,Polygender,25.119.114.160
266,,,,,
,Sheryl,,,Female,
,,,,,
269,,,,Male,236.233.120.210
,,Boyes,tboyes7h@newyorker.com,Male,
,,,vlink7i@foxnews.com,,
,,Ablewhite,cablewhite7j@typepad.com,Male,124.126.220.123
273,,MacGilrewy,,Male,226.198.166.30
274,,,pcalafate7l@twitter.com,Female,
,Delano,,dcostain7m@moonfruit.com,Genderfluid,50.175.248.144
,Justus,Starkie,,Male,14.250.113.4
277,,Dipple,jdipple7o@nydailynews.com,Genderqueer,146.45.68.15
,,,vortmann7p@i2i.jp,Female,62.218.131.122
,Renelle,Robbins,,,143.76.84.92
,,,rwilkowski7r@hugedomains.com,Male,
281,Rod,,,,28.151.43.214
,,Infantino,einfantino7t@feedburner.com,,
283,,Tarn,mtarn7u@artisteer.com,,
,,Rittmeyer,,Female,
,,Ginnell,dginnell7w@booking.com,Female,185.92.103.187
286,,Gerrad,,Female,62.150.246.218
,Dominica,,,Female,58.121.254.62
288,,Whittleton,mwhittleton7z@shutterfly.com,Female,
,,Dillistone,,,
290,Jacquie,,,Female,
291,,Jovicic,,,
292,,,cdavenhall83@prweb.com,Female,
293,,Paraman,gparaman84@shareasale.com,Male,131.13.169.22
294,Phylys,Defew,,Female,
295,,Cansfield,gcansfield86@abc.net.au,,
,Grover,Souten,gsouten87@usnews.com,,
,Bill,Kett,,,
,Lonny,Aldam,,Male,96.28.213.132
299,,Hulburd,,,
,Padriac,,,,77.105.205.9
301,My,McElvine,mmcelvine8c@census.gov,Male,96.180.211.57
,,Georgiades,,,
303,,,pflett8e@timesonline.co.uk,,
,Marti,,mdowd8f@digg.com,Female,
,,Halhead,bhalhead8g@webmd.com,,
306,,Sotham,ksotham8h@eventbrite.com,,152.8.65.9
,,Gelletly,,,78.199.86.136
308,,Way,kway8j@google.com.au,,
,,Avory,,,181.109.251.243
310,Aurore,,,Female,5.156.180.250
,,Wetwood,jwetwood8m@sphinn.com,,233.136.76.204
312,Lara,,lmackee8n@bandcamp.com,,
,,,,,
,,,,Female,74.169.124.105
315,,,,Polygender,149.253.19.248
,Sherline,Cursey,scursey8r@google.co.uk,,167.248.209.161
317,Shir,Tindle,stindle8s@time.com,,73.122.63.23
,Skell,,shuntriss8t@google.com.br,,177.128.35.104
319,,,aelsley8u@ox.ac.uk,Male,240.35.64.31
,Lela,,lnilges8v@ed.gov,Female,198.231.246.0
,,,atulleth8w@dell.com,Male,
,Siffre,,scallcott8x@pcworld.com,,225.48.185.207
,,,renright8y@discuz.net,,
324,,,,Female,230.5.191.158
325,,,,,
,,Marnes,bmarnes91@vistaprint.com,,167.181.45.178
327,,,,Male,
328,,,aquinnelly93@trellian.com,Male,
329,Winnifred,,wmiebes94@tripadvisor.com,,232.185.155.205
330,Max,Russam,,,236.178.218.29
,,,aroussel96@vk.com,,
,Maridel,Aleksashin,,,
333,Melania,,,Female,
334,Jilli,Stanney,,Female,101.183.218.193
,Scott,McCartan,smccartan9a@ucoz.com,,
,,Keough,,Male,
337,Debi,,dgreengrass9c@123-reg.co.uk,,80.63.223.252
338,Silvio,O'Driscoll,,,242.75.166.139
,,Voller,,,185.115.40.168
340,,Valentino,,Female,21.170.43.91
341,Sawyer,Kneeshaw,skneeshaw9g@guardian.co.uk,,
,Levon,,,,242.140.66.86
,,Lavarack,mlavarack9i@dyndns.org,Bigender,
,,Abbys,,,173.40.198.8
345,,,,,76.100.72.161
346,Conni,,,Female,
,Camella,,,Female,
348,,,smortimer9n@redcross.org,Female,
349,,,,Female,58.186.53.176
,,Borrows,jborrows9p@i2i.jp,Genderfluid,
,,,gbroster9q@de.vu,Female,
352,Cthrine,,ccasserley9r@google.pl,,
353,Jefferey,Grenshields,,,155.189.124.6
,,,gscobbie9t@nbcnews.com,,
355,,,skleynen9u@dagondesign.com,,83.30.111.58
356,,Jasper,,Female,
,Maje,,mmacgillivray9w@chicagotribune.com,Non-binary,3.162.143.44
358,,Isaaksohn,tisaaksohn9x@arstechnica.com,,235.158.168.254
,Isis,,ibollands9y@hhs.gov,,
360,,Tallow,,Male,
,D'arcy,Vipan,dvipana0@unesco.org,,
362,,Sivill,,,
363,Teresa,,,,68.68.126.50
364,,Wilkin,,,
,,Josham,hjoshama4@miitbeian.gov.cn,Female,44.69.140.141
366,Magnum,,,Male,
,,,cmcgurka6@fda.gov,,
,,,jlinnella7@g.co,,
369,,,nhavika8@pagesperso-orange.fr,,208.72.229.108
,Germaine,Hynam,ghynama9@shop-pro.jp,,
371,,,mmettetalaa@xing.com,,
372,Leonerd,,lmartonfiab@storify.com,,
373,,Tweedie,gtweedieac@shareasale.com,,80.2.85.161
374,,,,Female,201.162.87.21
,,,,,
376,,,nmartinsonaf@quantcast.com,,242.180.71.45
377,,Wolsey,mwolseyag@geocities.jp,,111.217.144.240
378,Prudy,Jayume,,,
,,Riediger,,,87.122.80.143
,,Moore,emooreaj@discovery.com,,
381,,,,Female,177.200.223.106
,Anastasie,,aitzkovwitchal@vinaora.com,Female,97.113.218.206
,Chauncey,,,,243.167.187.73
,Bren,,,Male,62.225.38.231
385,,Chaney,,,106.20.197.82
386,,,hkellowayap@census.gov,,152.117.211.107
387,Zane,Zeal,zzealaq@diigo.com,,66.98.184.48
388,Cam,,,,
389,Stefanie,,,,27.235.129.188
,Josy,Edmondson,,Female,
,Cari,,ctrudgeonau@hao123.com,,243.118.37.46
392,Ardisj,,afatherav@arstechnica.com,,
393,Ellyn,,,,85.42.128.8
394,Zedekiah,,,Male,122.56.60.252
395,,Masselin,mmasselinay@live.com,,111.8.5.180
,,,,Female,97.204.133.88
397,,,,Female,
398,Maryrose,Medler,mmedlerb1@abc.net.au,,233.23.117.219
,,Mugford,emugfordb2@privacy.gov.au,Male,
400,Ashbey,,,,125.93.241.95
,Abdel,,,,
402,,Lemmers,,,
403,,,,Female,
404,Christin,,csilversb7@edublogs.org,,36.163.5.122
,Kariotta,Purdom,,,
406,,,,,
407,,Fulmen,,,8.226.135.141
,Ingrid,Walshe,iwalshebb@apache.org,,
,Thaddus,Beebe,,Male,103.228.240.224
410,Husein,,hjozsefbd@webmd.com,,
411,Gun,,,Male,
412,Persis,von Nassau,pvonnassaubf@ocn.ne.jp,,156.142.15.123
413,,,kpolobg@weebly.com,,231.191.155.241
,Roarke,,,,
415,,,,,
,Giselle,Gurney,,,
,Channa,Broadberrie,cbroadberriebk@homestead.com,,
,Normy,Dagg,,,134.217.206.108
,,Lissandri,elissandribm@bandcamp.com,,
,,Casswell,wcasswellbn@oakley.com,,220.23.215.140
,,,,,88.1.31.204
,Konstantine,Pomphrey,,Male,102.176.138.195
423,Rebekkah,Pillinger,rpillingerbq@independent.co.uk,Female,
424,,Tivers,stiversbr@wiley.com,Male,39.170.243.99
,,,,Male,132.232.108.135
,Catherina,Ilett,,,111.106.100.31
,,,dlongthornebu@indiegogo.com,,82.232.168.198
428,Cirillo,Hellwich,chellwichbv@mediafire.com,,
429,,,,Male,211.122.69.155
430,,Hearons,,Female,
431,,,stweedleby@squidoo.com,,33.173.1.79
,,,ocowlardbz@independent.co.uk,,175.139.108.135
433,Rene,Ringham,,Male,
,,,,,
435,,,,Female,
,,Peppett,epeppettc3@people.com.cn,,
437,Agnes,,aexcellc4@nydailynews.com,,
438,,,,Male,
,,,spesc6@nps.gov,,249.120.7.93
440,,,,Female,
441,,Ferriday,jferridayc8@microsoft.com,,21.103.152.76
442,,Isbell,aisbellc9@google.cn,Female,71.110.142.116
,,,dlemoucheuxca@google.de,Female,
,Fraser,,,Male,161.209.55.159
,,Westbrook,,,204.105.247.200
446,,Grimme,cgrimmecd@icq.com,,
,,,,,
448,Clemmy,,cbearnecf@yellowpages.com,Female,119.21.1.133
449,,,,Female,
450,,,,Polygender,137.99.200.239
451,Randolf,Cuardall,rcuardallci@fc2.com,Male,210.42.66.108
452,,,,Female,100.189.240.210
453,,Lengthorn,dlengthornck@marriott.com,,
454,Rachel,Boldry,rboldrycl@boston.com,Female,
455,Nichols,,nprangnellcm@washingtonpost.com,Male,51.129.102.201
,Isadore,,,,173.152.34.130
,Shaun,,smcneiceco@joomla.org,Male,220.140.154.212
,Rori,,,Female,245.212.58.220
459,,,fpenzercq@i2i.jp,Female,45.239.233.207
,Crysta,,cennscr@narod.ru,Female,34.71.196.221
461,,,,Male,164.88.116.235
,,,,,184.155.190.61
,,,mstebbingscu@nps.gov,Female,
,,,mbengtsoncv@google.it,Female,
,Zak,Gerraty,zgerratycw@slate.com,Male,
,Liv,,,,128.204.28.46
,Clo,Hallbord,,,107.26.196.203
,,Pimley,,Female,53.107.214.179
469,Sharai,Patty,spattyd0@edublogs.org,,113.203.231.174
470,,Syalvester,csyalvesterd1@bing.com,,
471,Amii,,asudddardd2@bloglines.com,,
,Holly,Piwell,hpiwelld3@amazon.co.jp,Female,
473,,,kblaxtond4@redcross.org,Female,
474,,Ramel,srameld5@sourceforge.net,Male,122.77.249.162
475,,,,,
,,Roja,orojad7@hubpages.com,,
,Burk,Hacon,,Genderqueer,145.217.202.156
478,Andee,Beesey,,Female,97.12.59.32
479,,Vanichkov,,,
480,,Matisoff,fmatisoffdb@so-net.ne.jp,Genderfluid,14.33.225.78
,Rozina,,,Female,
482,Madge,,meakinsdd@washington.edu,,216.104.237.10
483,,,,,118.93.139.121
,,,,,211.97.52.59
,Ned,Greenstead,ngreensteaddg@bandcamp.com,Male,
486,,Stang-Gjertsen,astanggjertsendh@xing.com,,
487,Anton,,achesterdi@canalblog.com,,186.81.163.23
488,,,jbolinodj@parallels.com,Male,176.92.122.142
,,,,Female,102.72.132.54
490,,,bsoanedl@columbia.edu,Female,
,,Kinnett,vkinnettdm@deliciousdays.com,,60.14.182.39
492,Bianca,,,,
,Nil,Gates,,Male,
,,Iacobassi,ciacobassidp@ebay.co.uk,Genderfluid,178.247.190.195
495,Glennis,,gdondq@fotki.com,Female,18.160.15.192
,Alanson,Fend,,Male,
497,Boycie,Presslee,,Male,
,,Petrushanko,apetrushankodt@vistaprint.com,Male,
,Andriana,,agrierdu@yellowbook.com,Female,
500,,Saunper,hsaunperdv@technorati.com,Female,145.48.80.24
,,,mnealondw@utexas.edu,,223.227.26.109
502,Nonnah,,,Female,
503,,Shann,,Female,227.41.241.40
,,Cowley,bcowleydz@hp.com,Male,
,Jean,Dobrovolski,,,
506,Cecily,,,,
507,Valentine,,vsmorthwaitee2@boston.com,Female,
,,Eunson,,,
509,Jaquith,,,,
510,,McCullogh,smcculloghe5@eepurl.com,Female,160.150.163.221
,Maxwell,Cosker,mcoskere6@jimdo.com,,70.236.215.242
512,Adelbert,Riddler,,,
,,Heard,,Female,
514,Lizzie,,,Female,99.25.71.247
,Etta,Sedworth,esedworthea@vimeo.com,Female,
,Jemmy,Hanscombe,,Female,
,Sandy,,,Male,245.104.67.225
518,,,,,
,Dasha,,dmallinderee@1und1.de,Female,
,,,,,161.250.175.228
,,,hdumbartoneg@plala.or.jp,Female,
522,Raphael,,,,
,Sophie,,ssavilei@opera.com,,
524,,,cmushrowej@bluehost.com,Female,
,Oswell,,oturbernek@moonfruit.com,,
526,Joannes,Johansen,,Female,
,,Shemilt,oshemiltem@hibu.com,Female,
,,Spottswood,tspottswooden@arizona.edu,,98.224.16.123
,Candi,Simonin,csimonineo@mail.ru,Female,179.249.166.77
530,,,mpatershallep@salon.com,,
531,Fred,Jacobowitz,,,102.84.140.121
,Neale,McRannell,nmcranneller@pbs.org,Male,
533,,Jamot,bjamotes@cargocollective.com,Genderfluid,72.189.190.212
,Ignace,Basilone,,,
535,Bryce,,bkopeckaeu@theguardian.com,Male,15.62.241.196
536,,,,Male,182.6.203.65
,,,,,41.141.40.73
538,Maynord,De Beauchemp,,Polygender,204.161.53.100
,,Beacroft,,Male,
540,Merlina,,mlamblinez@t.co,Female,99.230.246.164
541,,Perri,,Female,107.226.98.230
,Alex,Bernardoni,,Female,7.165.71.141
543,,Weldrake,sweldrakef2@ow.ly,Male,12.103.51.239
544,Fred,,frennickf3@squidoo.com,,
,,,,,
,,,,,
,Zedekiah,Draysay,,Male,82.144.180.177
,Andria,Holde,,,60.188.2.159
,Joseph,,jcoulstonf8@google.de,,
550,,Costelow,,,
551,,Thresh,athreshfa@com.com,,238.183.118.69
,Kaja,Braams,,,159.41.41.177
,,Farrier,bfarrierfc@deliciousdays.com,,
554,Marie,Foffano,mfoffanofd@dot.gov,Female,
,,Frackiewicz,,,
,Ernest,,efairholmeff@devhub.com,Male,
,,Crane,,,136.42.7.149
,,,,Male,
,Carline,Gilardi,cgilardifi@cdc.gov,Female,
,Kattie,,kbenningtonfj@sina.com.cn,,161.239.39.163
,,,mchelnamfk@upenn.edu,,199.83.78.164
562,Adamo,St Quenin,astqueninfl@baidu.com,Male,
563,,,,,91.153.206.197
,Darbie,,,,
,Malvin,,,,
566,Eugenio,,,,
,,,,,245.181.33.92
,,Foker,,,
,Art,Merveille,amerveillefs@geocities.com,Male,120.197.171.208
,,de Keep,,Female,174.255.60.24
571,,Rhoddie,,,200.164.228.219
,,Couronne,,Male,
573,Zonnya,,,,153.12.8.234
574,,Sutcliff,,Female,114.19.148.114
,,Yeudall,cyeudallfy@devhub.com,Female,149.234.16.26
576,,Maymond,,,189.218.6.246
,Colman,,,,
578,Billye,,bguisling1@ucsd.edu,,
579,,,,Female,
580,Gwenore,,gspeightg3@addtoany.com,,
,,,lwestermang4@tuttocitta.it,Male,177.246.156.59
,Tynan,,,,
583,Gabriele,Pindar,gpindarg6@imgur.com,Male,108.19.240.230
584,Joya,Handes,jhandesg7@tinypic.com,,164.183.102.72
585,,Mathevet,wmathevetg8@wikia.com,,
,Eal,,ewauchopeg9@over-blog.com,,
,,,rtheuffga@mail.ru,Female,
588,,Chittim,gchittimgb@imageshack.us,,222.27.176.143
,Tracie,Merricks,,Female,
,Carter,,cchartegd@dmoz.org,,203.146.167.33
591,,,,Male,
592,Filia,Pacher,fpachergf@answers.com,Female,56.197.119.115
,,,,,167.96.84.75
,Madelina,Nanni,mnannigh@acquirethisname.com,,
,,Morigan,,,
,,Seally,fseallygj@gnu.org,Male,
,,,omaggillandreisgk@ucsd.edu,,119.231.43.45
598,,Rickhuss,,,180.200.193.238
,Monah,,mdoughergm@netlog.com,,43.114.210.76
,,Guirard,dguirardgn@japanpost.jp,Male,
601,Dore,Dyne,,,
602,Evangeline,Tongue,etonguegp@github.com,,
,,,,Female,86.96.174.136
,,Antony,,Male,
,Gaylene,,,,
,Erica,Foot,,,
607,,,,,175.86.187.43
608,Bailie,Glanfield,,,
,,,mheakinsgw@youtu.be,,
,Quintilla,Rusted,,,
,,,emcgarritygy@pbs.org,,
,,,,Female,
,Leigh,,,,
614,Noami,Dingwall,ndingwallh1@pcworld.com,Polygender,202.26.63.89
,,,hcowpertwaith2@hud.gov,Male,
,Cleon,Swanton,,Male,79.196.253.190
,,,bderocheh4@geocities.jp,,234.57.61.23
,,Finicj,dfinicjh5@bing.com,Female,
619,,Floweth,,Female,
620,Meaghan,,,Female,
621,,Robb,arobbh8@goo.gl,Non-binary,167.37.172.38
622,,,fhewellh9@bloglines.com,,
,,Jellyman,,Male,50.199.75.46
624,,Went,fwenthb@cisco.com,,
,,Sneller,,Female,72.121.71.59
626,Jacklin,,,Female,
,,,jprobetshe@ustream.tv,,
628,Merola,,mgergherhf@seattletimes.com,,
629,,,,,
630,Kerwinn,Leivesley,kleivesleyhh@reverbnation.com,Male,
,Hetty,Fittall,hfittallhi@sohu.com,,23.103.4.208
,,Isenor,misenorhj@tinyurl.com,Male,107.171.73.197
,,,,,
,Dalston,,,Male,
635,Quinta,,,,
,Gertie,Amey,gameyhn@sitemeter.com,Female,60.14.6.122
637,,Quadrio,equadrioho@blogtalkradio.com,,146.144.75.253
638,Fred,Atwool,,Male,
,,,bfeldsternhq@imageshack.us,Female,220.43.94.140
640,Artemus,Lothlorien,alothlorienhr@dion.ne.jp,Male,193.251.147.165
,Arny,Inch,,,
642,Cindra,,,Female,
643,Art,Swyer,aswyerhu@paypal.com,Male,36.209.220.46
,Carree,,,,
,,Pippin,,,
,,,,Female,48.230.89.203
647,,,pkryszkieciczhy@illinois.edu,Male,
648,,,,Female,107.163.14.205
,,Brack,rbracki0@gmpg.org,,
650,Morey,,,Male,
,Kalie,MacNeil,kmacneili2@t-online.de,Female,
,,,,,
,Pablo,Hallan,phallani4@arstechnica.com,Male,
,Samaria,,soldfordi5@studiopress.com,,7.247.219.29
,Frazer,,,Male,
656,Cheryl,,cticklei7@alexa.com,,
657,Law,Glaysher,lglaysheri8@ovh.net,,199.27.14.210
,,,,,
659,Arliene,,,Female,
,,Brockman,,Male,162.129.53.124
661,,,,,
,,,,,
663,Kleon,Sagar,ksagarie@livejournal.com,,60.172.34.158
664,Carlen,Coronas,,,25.221.90.151
,,Lammie,mlammieig@nba.com,Male,65.223.156.137
666,,,,,252.202.231.21
,Elvis,Housegoe,,,
668,,ducarme,,,198.116.128.212
669,Laura,,,,96.253.90.179
,,Waring,,Female,9.193.149.125
,Wilden,,,,108.46.24.247
672,Godart,,,Male,249.186.172.68
673,,,,,
,Jana,Antley,jantleyip@cocolog-nifty.com,Female,
675,,,,Bigender,
,Bartholomew,Jarman,,,105.76.131.101
,Emilio,Lamers,elamersis@sina.com.cn,,
,Kleon,,,Male,
679,,Mathieu,mmathieuiu@dell.com,,205.58.52.135
,,,,,
681,Conroy,Aizikov,,,
,,Housaman,ihousamanix@ezinearticles.com,Female,
,Fonsie,,,,
,Horst,Glader,hgladeriz@blinklist.com,,203.234.151.132
,Berny,,bschroederj0@plala.or.jp,,157.118.73.31
686,,Dwyer,,Male,33.1.230.159
687,,,,Female,208.91.236.34
,Daune,Furtado,dfurtadoj3@cafepress.com,Female,
,,,kcartmalej4@goodreads.com,Male,
690,Ken,,,Genderqueer,235.247.5.36
,Atlante,Dullingham,,Female,
,Erda,Pareman,,,231.236.63.163
,Worthy,,,,164.141.211.186
,,Macconachy,mmacconachyj9@jiathis.com,Female,155.144.68.48
695,,Sparling,gsparlingja@ftc.gov,Genderfluid,220.4.2.140
,Winifield,Danneil,,,
697,Cos,,,,88.150.7.48
698,,,,Male,166.236.115.198
,Scotty,,skendellje@utexas.edu,Male,
,Darnell,Plampin,dplampinjf@reverbnation.com,,151.170.172.238
,Herminia,Duny,hdunyjg@mashable.com,Female,6.225.209.224
702,,Goymer,,Female,
703,Shandee,,stithecottji@xinhuanet.com,Female,
,,,,Female,31.71.37.224
,,Macenzy,,,
706,Kipper,Strettell,,,12.59.36.23
707,Nan,Gierek,,,
708,Karney,,,,198.41.32.124
709,,,,Male,41.215.119.45
,Myrle,,mbonnifacejp@google.ca,,14.182.170.202
711,Sully,Costall,,Male,46.38.151.73
712,,,,,
,Kain,Howbrook,,Male,86.237.203.211
,Linn,Cansdale,,,245.1.71.210
715,Kare,,,Female,
716,,,,Genderfluid,
,Karlie,Stuckley,kstuckleyjw@opera.com,Female,191.250.43.208
,,Yantsev,ryantsevjx@instagram.com,Female,
,Daisie,Drewery,ddreweryjy@reddit.com,Female,
,Dominik,Le Prevost,,,153.154.129.137
,,McAlarney,,,
722,Bella,Venn,,,
,Reginauld,,rbadderk2@reference.com,,36.114.205.97
,,,fgandark3@oakley.com,,232.67.170.209
,,Esilmon,,Male,170.166.122.243
,Jase,,jbewshirek5@arizona.edu,Bigender,
,,Bristowe,wbristowek6@ocn.ne.jp,,64.67.209.58
,Coretta,,,,111.160.51.67
729,,Milillo,amilillok8@china.com.cn,,
,Hildegarde,,,,
,Michail,,mmahedyka@flickr.com,Male,
732,,Ashford,,,224.180.134.35
,Avivah,,,Female,
734,,Temblett,stemblettkd@samsung.com,,
735,,,lgibbske@wikipedia.org,,80.178.200.95
,,Hannibal,,Bigender,168.60.192.132
737,,,,,
,Oliy,Drains,odrainskh@mysql.com,Female,
739,Goddart,Leon,gleonki@ucsd.edu,,
,Rem,,rmitchelmorekj@ucsd.edu,,
,,,,,147.252.117.183
,,,lgaynekl@tripadvisor.com,Male,222.211.32.207
,,Hayer,dhayerkm@vinaora.com,Male,
,,,ghalesworthkn@bbb.org,,177.250.182.171
,,,nbotterillko@japanpost.jp,Male,
,Giacomo,,,,
747,,Graben,hgrabenkq@trellian.com,Male,
748,Cami,,cdollardkr@senate.gov,,166.175.67.13
,,,fsueroks@delicious.com,Male,218.42.176.68
,,,,Female,98.227.92.137
751,Guinevere,,giwanowskiku@1688.com,Polygender,
,,,ftromankv@netscape.com,Male,25.90.9.34
,,Dalman,,Female,209.235.125.42
,,,gargontkx@dion.ne.jp,Male,
,,Bonicelli,rbonicelliky@gov.uk,,
,Reynold,,,,
,,Cecere,,Male,
758,Jami,,jwartnabyl1@samsung.com,Female,
,Mignon,,mdoddrelll2@is.gd,,123.38.69.26
760,Jobina,,jkeerl3@paginegialle.it,,
761,Clemens,,,Male,45.232.145.173
762,Karoline,Costi,kcostil5@npr.org,Female,
,,Hilhouse,,,181.138.214.155
,Harlie,,hphilippsl7@artisteer.com,Bigender,
765,Ernesto,,,,110.75.90.195
766,Carolann,Frizell,cfrizelll9@pagesperso-orange.fr,,152.221.211.180
,,,talberyla@statcounter.com,Polygender,
768,,,,,
769,,McGinny,ymcginnylc@live.com,Female,
770,,,vchateletld@qq.com,,249.253.2.91
771,Yanaton,,yolynnle@washington.edu,,96.70.185.199
772,Rolfe,Pfiffer,rpfifferlf@oakley.com,,238.120.21.217
,Claire,,,Male,
774,Nicola,Stanes,nstaneslh@businessweek.com,,243.93.220.223
775,Glynda,Antonacci,,,
,,Keppe,,Female,132.129.116.105
,Fleur,,flayuslk@liveinternet.ru,Female,
778,Hedwiga,Kreber,hkreberll@apache.org,,70.92.102.120
,Jennine,Harryman,,Female,
780,,Warlawe,,,237.225.242.59
781,Dru,,ddidomenicolo@blogs.com,,15.121.161.239
782,,Matveyev,,Male,178.73.233.157
,,,shenrichsenlq@etsy.com,,
784,Christopher,,cohairelr@quantcast.com,,
785,,Casacchia,,Male,56.123.210.55
786,Roxie,Antonsen,,Female,
787,,,clowcocklu@webeden.co.uk,,253.171.71.74
788,Foss,Russen,frussenlv@reference.com,Male,
,Lew,Grece,lgrecelw@businesswire.com,Male,
,Alex,Blacker,ablackerlx@squidoo.com,,158.26.124.211
791,Kalli,Cumesky,,,
792,,Bagger,mbaggerlz@bigcartel.com,Female,88.13.216.222
,,Eshelby,aeshelbym0@abc.net.au,Male,
,,,gbarrowcliffem1@google.com.au,Female,
,Tilda,,,,
,,,,,58.168.91.43
,Robers,Bradberry,,,
798,,Dowker,,Female,
,,,rfransinellim6@rambler.ru,Female,158.49.27.213
,Alla,Yarham,,Female,
801,,,lpaeckmeyerm8@businesswire.com,Male,
802,Scottie,,sschorahm9@sitemeter.com,Male,226.186.160.163
803,Concettina,,chousiauxma@geocities.com,Female,
,Olly,Rosendall,orosendallmb@alexa.com,Female,45.132.5.210
,Tabatha,,,Agender,177.147.11.40
,,,gickovitsmd@spiegel.de,,
807,,Janikowski,,Male,
808,Granny,,,Male,
,Lovell,,lkirtlandmg@photobucket.com,Male,212.53.184.57
,,,cgirathsmh@people.com.cn,,238.27.25.172
811,,Maurice,amauricemi@ameblo.jp,,
,,Caughte,dcaughtemj@google.co.jp,,
,Bobette,Wilber,bwilbermk@google.ru,,42.67.62.23
814,,Danson,,,
,Godfree,Turbern,,,
,,,cbroxtonmn@tamu.edu,Male,
,Dinny,,dscalesmo@zdnet.com,,
,Birgitta,Cullip,,,
,,,saringtonmq@quantcast.com,,
820,Chuck,McVitie,,Male,
821,,,,Male,
822,,Skule,rskulemt@vimeo.com,Male,
823,Hamil,Loft,hloftmu@nymag.com,Agender,73.220.153.130
,Dean,McGahey,,,165.76.142.51
825,Devlen,,,Male,
,,,fswinnmx@nasa.gov,,
,,,gwindrusmy@reddit.com,Female,
828,,Yearns,myearnsmz@marriott.com,,
829,Camila,,,,
830,Ward,Bignold,wbignoldn1@ucsd.edu,Male,205.55.221.38
831,Minnie,,mharriotn2@independent.co.uk,,
,Ash,,,,16.211.231.239
833,,,,Male,144.4.129.105
834,Mattie,,mclerkn5@prweb.com,,
835,Estella,,ekettlestringn6@jugem.jp,,
,Cordelia,,cnewbeginn7@webmd.com,,
837,,,lsemann8@parallels.com,,6.90.108.72
,,Wiersma,rwiersman9@nih.gov,,
,,Edgin,,,
,,,sblissnb@columbia.edu,Male,
841,,,bmackilpatricknc@lycos.com,,
,,Hardistry,ghardistrynd@discovery.com,Male,54.170.17.155
,Melvin,Pencott,,Male,
844,Colet,Brigstock,,,166.121.224.233
845,Claudette,,cmcguckenng@economist.com,Agender,66.36.251.126
846,,Slatcher,,Male,
847,Corey,Tumasian,ctumasianni@blogtalkradio.com,Female,151.69.65.217
,,,mferrettininj@parallels.com,,
,Grazia,,,Female,75.15.73.37
850,,Blacksland,,Female,20.77.235.242
851,,,,,
852,,,,,45.192.154.89
,Cathi,Wellan,cwellanno@noaa.gov,Female,159.103.100.222
,,,fbortolettinp@illinois.edu,Female,
,,Brownlie,,,
,Mac,January 1st,mjanuarystnr@bluehost.com,Male,
857,Malachi,,,,
858,,,chiersnt@bigcartel.com,Genderqueer,100.112.155.13
859,,,jjirouseknu@zimbio.com,,
860,,Sare,csarenv@wp.com,Female,22.105.151.160
861,,Sallter,,Female,50.77.199.37
862,,Walas,cwalasnx@china.com.cn,,
,Griz,Arrigo,garrigony@goodreads.com,Male,
,,Dehn,,,
,Gale,Grundwater,ggrundwatero0@deviantart.com,Female,
866,Guthry,Lober,globero1@posterous.com,Male,139.114.102.183
867,,,tshercliffo2@senate.gov,,110.38.5.20
,,Sheran,tsherano3@plala.or.jp,,6.229.41.31
869,Barnett,Hardiman,bhardimano4@lycos.com,,
870,,Kelle,,,
,Garreth,Pagin,gpagino6@stanford.edu,Male,
872,,,mbardwallo7@tiny.cc,Female,
,,,,Female,
874,Rooney,,ryeowello9@google.nl,,86.155.131.67
,Norma,Cassells,ncassellsoa@wunderground.com,Female,
,Innis,,,Male,158.217.101.10
,,Hebson,ahebsonoc@macromedia.com,,219.232.71.64
,,Werrett,rwerrettod@google.com.hk,,
879,,,,Male,17.14.29.122
880,,,,Male,
881,Steffen,Lamers,slamersog@elpais.com,,127.12.253.99
,,,ctuftinoh@buzzfeed.com,,
883,Evelyn,Jaggli,,,132.12.155.116
,,,,Female,1.249.135.5
885,,Najara,nnajaraok@twitter.com,,
,Edgard,,,,
,,Hasley,,Bigender,
888,Wheeler,,wswanstonon@spotify.com,Male,
,Saba,,,,24.166.223.197
,Holt,,,Male,143.167.90.237
,,Hitter,mhitteroq@slideshare.net,,
,,,kcyphusor@prweb.com,,
,,Dunmore,gdunmoreos@cbslocal.com,,
894,Karly,,,Female,
,,Sansome,asansomeou@altervista.org,,200.13.66.231
,,Milley,,,43.111.221.252
897,,Kilgannon,kkilgannonow@blog.com,Male,
,Millie,Dobbison,mdobbisonox@miitbeian.gov.cn,,
,Walt,,,,180.201.69.252
900,Mireielle,Fairnington,mfairningtonoz@va.gov,Female,
,Mara,Skelding,mskeldingp0@elegantthemes.com,Female,
902,Fallon,Conboy,,Female,
,Randy,Keets,rkeetsp2@soundcloud.com,Male,
,Brewster,,bmetterickep3@wordpress.com,,
905,Ricardo,,rklimkiewichp4@reuters.com,,
906,Yovonnda,Wint,,,
907,Alexandro,Skermer,askermerp6@harvard.edu,,29.241.7.79
,Chrissy,Axworthy,,,183.174.114.112
909,,Prinn,cprinnp8@pinterest.com,,
910,,,,,
911,,,,,
,Leena,Hounsome,lhounsomepb@xrea.com,,
913,,Verchambre,,Polygender,112.211.229.92
914,,Hutfield,thutfieldpd@businesswire.com,Male,223.183.9.49
915,Fianna,Platfoot,fplatfootpe@bing.com,Female,
916,,,,Female,231.100.11.124
,,,broddpg@marketwatch.com,,
,Valida,,,,1.91.69.68
,,Sickert,,Male,87.182.109.111
920,Ophelia,Burdekin,,,
,,,prubinsaftpk@google.com.au,,
,,Atthowe,,Male,95.149.206.71
923,Salome,,,Female,128.56.103.255
,,,ttrenchardpn@webnode.com,Female,
,Gaile,,gayrepo@mysql.com,Male,180.230.204.13
926,Janie,Morcom,,,
,Johannes,,,,17.223.78.94
928,Kerianne,Whiting,,,
929,Kermy,Gladstone,,Male,225.53.16.2
930,Athene,,,,193.155.101.44
931,,,,Male,3.122.49.122
932,,,scapinpv@hc360.com,Male,57.197.85.37
933,Iago,Corlett,,,155.121.33.216
934,Carlee,Gouthier,,,
935,,Brombell,dbrombellpy@tripadvisor.com,Male,
936,,,,,
,Randolph,Gromley,,Male,
,,,,Female,163.64.209.206
939,,D'Alwis,,,7.27.205.211
940,,McIlvaney,,Male,42.123.28.127
,Jere,Angelini,,Male,
942,,Redsull,jredsullq5@va.gov,,
,,Ruffle,hruffleq6@ucoz.ru,Female,237.205.178.64
,,,dgrenterq7@seattletimes.com,Male,44.146.121.179
945,Rheta,,rlimbourneq8@woothemes.com,,32.233.241.170
946,Arturo,Di Antonio,adiantonioq9@artisteer.com,Male,
,Rodger,Fullun,,Male,
948,Rossy,Blodgetts,,,20.45.233.187
949,,,,,206.206.18.156
,,,kdenisardqd@hud.gov,Male,120.105.54.91
,Dario,Orlton,dorltonqe@wikipedia.org,,217.70.59.114
952,,,,,
,,Still,,Male,108.196.208.111
954,,,vbunstonqh@macromedia.com,Male,
,Dieter,Fishbourn,,Male,162.115.35.164
956,Eddy,McCome,,Male,
957,,McClurg,vmcclurgqk@weebly.com,,76.24.235.185
958,,Newton,,Female,241.239.13.209
,,Dutteridge,,Genderfluid,167.165.231.221
960,,Oselton,,,
961,Rora,Baudains,rbaudainsqo@bluehost.com,Female,
962,Michal,Rosiello,mrosielloqp@chron.com,,
963,,,nmaccardleqq@123-reg.co.uk,,
964,,Wison,twisonqr@feedburner.com,,
965,,,,Male,227.141.47.59
,Louella,Kelson,lkelsonqt@last.fm,Female,
967,,,,Female,
968,Sayre,Covey,,Polygender,
,Anastasia,,astallibrassqw@chicagotribune.com,Female,
,Kristos,Ingliby,kinglibyqx@patch.com,,203.88.37.29
971,,,bkebleqy@elegantthemes.com,,
972,,Landre,alandreqz@youtu.be,,44.167.242.44
,Roger,Dornin,,,107.14.208.207
,Hastings,,,,221.66.89.96
975,Jori,Spurgin,,,
976,,,,,235.176.51.74
977,Elana,,,Bigender,
978,,,pmcknockiterr5@phpbb.com,Female,
,Orbadiah,Mycroft,omycroftr6@twitter.com,Male,143.185.171.194
980,,Doree,,,
981,Val,Poytress,vpoytressr8@hostgator.com,Female,251.108.13.116
982,,Sidaway,csidawayr9@google.co.jp,Female,139.162.195.163
,,Everil,eeverilra@java.com,,180.200.183.106
,,Emeline,,Female,
,Gnni,,,Female,
986,Yorgos,Rieflin,,Male,
,Agnola,Scales,ascalesre@hibu.com,,87.198.204.91
988,,,dsparshuttrf@boston.com,Male,
989,Gerry,Pardal,,Male,22.96.25.235
,Dasya,,dbuddlerh@vinaora.com,Female,181.163.86.12
991,,Runnalls,drunnallsri@nps.gov,,33.228.200.0
,Darryl,,,,47.129.35.134
,,Cock,,,
994,Ethyl,,,,
995,,,,,
,Benedick,Bolsover,bbolsoverrn@ovh.net,,
997,,,lcowlamro@soup.io,,78.155.67.134
,Yard,,,Male,70.70.239.103
999,,,,Male,70.143.158.31
,Dirk,Grishin,,Male,84.48.125.142
